comment,FOOD#PRICES,DRINKS#STYLE&OPTIONS,FOOD#STYLE&OPTIONS,SERVICE#GENERAL,RESTAURANT#MISCELLANEOUS,DRINKS#QUALITY,RESTAURANT#PRICES,LOCATION#GENERAL,DRINKS#PRICES,RESTAURANT#GENERAL,AMBIENCE#GENERAL,FOOD#QUALITY
"_ áº¢nh chá»¥p tá»« hÃ´m qua, Ä‘i chÆ¡i vá»›i gia Ä‘Ã¬nh vÃ  1 nhÃ  há» hÃ ng Ä‘ang sá»‘ng táº¡i SÃ i GÃ²n. _ HÃ´m qua Ä‘i Äƒn trÆ°a muá»™n, ai cÅ©ng Ä‘Ã³i háº¿t nÃªn lÃºc cÃ³ Ä‘á»“ Äƒn lÃ  nhÃ o vÃ´ Äƒn liá»n, bá»Ÿi váº­y má»›i quÃªn chá»¥p cÃ¡c pháº§n gá»i thÃªm vá»›i nÆ°á»›c máº¯m, chá»‰ chá»¥p mÃ³n chÃ­nh thÃ´i! _ ÄÃ³i quÃ¡ nÃªn khÃ´ng biáº¿t Ä‘Ã¡nh giÃ¡ Ä‘á»“ Äƒn kiá»ƒu gÃ¬ luÃ´n ğŸ˜…ğŸ˜…ğŸ˜…_ Chá»n cÃ¡i nÃ y vÃ¬ tháº¥y nÃ³ láº¡ vá»›i tui.,",0,0,2,0,0,0,0,0,0,0,0,2
"_HÆ°Æ¡ng vá»‹ thÆ¡m ngon, Äƒn cay cay ráº¥t thÃ­ch, nÃªm náº¿m vá»«a miá»‡ng. NgoÃ i ra menu quÃ¡n cÅ©ng nhiá»u mÃ³n khÃ¡c nhau tha há»“ cho báº¡n lá»±a chá»n luÃ´n._QuÃ¡n rá»™ng rÃ£i, view khÃ¡ Ä‘áº¹p vÃ  cÅ©ng thoÃ¡ng láº¯m. KhÃ¡ch cá»§a quÃ¡n Ä‘Ã´ng nÃªn nhiá»u khi nhÃ¢n viÃªn phá»¥c vá»¥ khÃ´ng Ä‘Æ°á»£c nhanh cho láº¯m._Thá»‹t heo rá»«ng giÃ¡ theo kÃ¬ nÃªn nhá»› há»i trÆ°á»›c nhÆ°ng trung bÃ¬nh lÃ  150k 1 pháº§n. Hai báº¡n Ä‘i chung chi khoáº£ng 400k hÆ¡n lÃ  á»•n nhÃ©., , , , , ,",2,0,3,1,0,0,2,0,0,3,3,3
"- 1 bÃ n tiá»‡c hoÃ nh trÃ¡ng 3 Ä‘á»©a Äƒn no muá»‘n táº¯t thá»Ÿ mÃ  giÃ¡ chá»‰ 228k (Äƒn trung Ä‘á»£t giáº£m 10%), mÃ¬nh thÃ­ch nháº¥t pad thÃ¡i vs gÃ  nÆ°á»›ng - Ä‘Ãºng kiá»ƒu ThÃ¡i luÃ´n, quÃ¡n nhá», trong háº»m, cÆ¡ mÃ  anh phá»¥c vá»¥ ráº¥t dá»… thÆ°Æ¡ng, cháº¿ biáº¿n há»£p vá»‡ sinh, báº¿p lá»™ thiÃªn láº¡i cÃ²n cÃ³ thá»ƒ xin náº¥u cÃ¹ng - Ä‘Ã£!, , , , , , ,",3,0,3,3,3,0,0,1,0,3,1,3
"- CÃ¡c báº¡n nhÃ¬n cÃ¡i cháº£o nÃ y cÃ³ to khÃ´ng ğŸ™„ğŸ™„ğŸ™„- TrÃªn hÃ¬nh tháº¥y nÃ³ cÅ©ng to mÃ  ra bÃªn ngoÃ i nÃ³ bÃ© tÃ­ táº¹o tÃ¨o teo Ã­ ğŸ˜…ğŸ˜…ğŸ˜…ğŸ˜…- MÃ  nhÃ¬n hoÃ ng trÃ¡ng láº¯m - Ä‚n lÃ  no muá»‘n lÄƒn luÃ´n hahaaa - CÃ¡i nÃ y tá»« há»“i mÃ¬nh á»Ÿ HÃ  Ná»™i Ä‘Ã£ thÃ¨m thuá»“ng vÃ  váº«n chÆ°a cÃ³ cÆ¡ há»™i thá»­ thÃ¬ vÃ´ SÃ i GÃ²n cÃ³ quÃ¡n bÃ¡nh mÃ¬ cháº£o Ä‘áº­m cháº¥t HÃ  Ná»™i Ä‘Ã¢y ğŸ‘ğŸ¼ğŸ‘ğŸ¼ğŸ‘ğŸ¼- ThÃªm Ä‘á»‹a Ä‘iá»ƒm cho máº¥y báº¡n nÃªn Ä‘i thá»­ nhÃ© - KhÃ´ng tháº¥t vá»ng Ä‘Ã¢u vÃ¬ nÃ³ khÃ¡ ngon hÃª hÃª, ,",0,0,3,0,0,0,0,0,0,3,0,3
"- ChÃ¡o: cÃ³ nhiá»u hÆ°Æ¡ng cho cÃ¡c báº¡n chá»n, nhÆ°ng mÃ¬nh thÃ¬ chá»n hÆ°Æ¡ng lÃ¡ dá»©a. ChÃ¡o thÃ¬ cá»¡ hai chÃ©n lÃ  háº¿t, chÃ¡o khÃ¡ nhá»« vÃ  thÆ¡m, chÃ¡o thÆ¡m mÃ¹i gáº¡o tá»± nhiÃªnğŸ˜- áº¾ch: vá»‹ satáº¿, vÃ¬ mÃ¬nh cá»±c kÃ¬ thÃ­ch Äƒn cay. Ná»“i áº¿ch thÆ¡m lá»«ng , Äƒn táº¡i chá»— thÃ¬ áº¿ch nÃ³ng há»•i , Äƒn nÃ³ng bao ngon luÃ´n. Cay cay, máº·n máº·n hoÃ  chung vá»›i chÃ¡o thÃ¬ siÃªu ngon luÃ´nğŸ˜,",0,0,3,0,0,0,0,0,0,0,0,3
"""- Äá»“ nÆ°á»›ng thÃ¬ chá»— nÃ y khÃ´ng Ã­t báº¡n """"cháº»"""" biáº¿t Ä‘áº¿n Ä‘Ã¢u nhá»‰ =))) - GiÃ¡ thÃ¬ cá»±c sinh viÃªn luÃ´n . Chá»‰ tá»« 5k 1 xiÃªn thÃ´i . CÃ³ cáº£ bÃ² phÃ´ mai vá»›i cáº£ báº¡ch tuá»™c nÆ°á»›ng nÆ°a- Thá»‹t á»Ÿ Ä‘Ã¢y Æ°á»›p ráº¥t lÃ  ngon vá»«a miá»‡ng Äƒn ná»¯a - NÃ³i chÃ¹n lÃ  khÃ´ng cÃ³ chá»— chÃª hÃª hÃª"", , ,",3,0,3,0,0,0,0,0,0,3,0,3
"- ÄÃ³i khÃ´ng ngá»§ Ä‘Æ°á»£c nÃªn up hÃ¬nh Ä‘á»“ Äƒn cho máº¥y báº¡n coi - MÃ¬ Ã½ á»Ÿ Ä‘Ã¢y ngon láº¯m, khÃ´ng chÃª vÃ o Ä‘Ã¢u Ä‘Æ°Æ¡c Ã­ - KhÃ´ng gian cá»±c kÃ¬ dá»… thÆ°Æ¡ng =)) thÃ­c há»£p vá»›i viá»‡c háº¹n hÃ² haha - GiÃ¡ cáº£ gá»i lÃ  há»£p lÃ­ cho sinh viÃªn tá»¥i mÃ¬nh lÃ¢u lÃ¢u tá»± thÆ°á»Ÿng cho báº£n thÃ¢n má»™t bá»¯a ngon lÃ nh cÅ©ng khÃ´ng gá»i lÃ  tiáº¿c nuá»‘i Ä‘Ã¢u áº¡, ,",3,0,0,0,0,0,0,0,0,0,3,3
"- Kháº©u vá»‹ vá»«a Äƒn há»£p vá»‡ sinh , khÃ´ng gian quÃ¡n rá»™ng view cÅ©ng táº¡m Ä‘Æ°á»£c. Äáº·c biá»‡t lÃ  phá»¥c vá»¥ ráº¥t nhiá»‡t tÃ¬nh vÃ  vui váº», , , ,",0,0,0,3,3,0,0,2,0,0,3,3
"- Kimchi Kimchi ğŸ˜¹ğŸ˜¹- NÃ³i cho cÃ¹ng thÃ¬ Ä‘á»“ Äƒn cÃ ng cay cÃ ng ngon hÃ£ ğŸ˜‚- Láº©u bÃ¡nh gáº¡o pháº§n 4 ngÆ°á»i Äƒn á»Ÿ kimchikimchi - chÃºng ta cÃ³ thá»ƒ Äƒn no nÃª luÃ´n - Ná»“i láº©u khÃ¡ to vÃ  cÃ²n Ä‘Æ°á»£c táº·ng kÃ¨m 2 lon sting vÃ  1 pháº§n cÆ¡m chiÃªn ná»¯a ğŸ˜ğŸ˜ğŸ˜- Äang cÃ³ chÆ°Æ¡ng trÃ¬nh khuyáº¿n máº¡i giáº£m 50% cho pháº§n láº©u 4 ngÆ°á»i nÃ y cÃ¡c báº¡n áº¡ - Ai mÃ  nghiá»n cay thÃ¬ khÃ´ng thá»ƒ khÃ´ng check in hhahaaa, ,",3,0,3,0,0,0,0,0,0,0,0,3
"- Láº©u hÃ u thÃ¬ chÆ°a tháº¥y Ä‘Ã¢u cÃ³. Má»›i Äƒn láº§n Ä‘áº§u á»Ÿ Ä‘Ã¢y luÃ´n, mÃ  ghiá»n quÃ¡. Má»™t pháº§n láº©u 199k Ä‘áº§y Ä‘áº·n cÃ³ 8 con hÃ u, 2 quáº£ trá»©ng, rau, náº¥m, má»™t gÃ³i mÃ¬ HÃ n (Äƒn dai dai chá»© ko bá»Ÿ nhÆ° máº¥y loáº¡i thÆ°á»ng).- CÃ¡ch Äƒn láº©u nÃ y lÃ  Ä‘áº­p trá»©ng cÃ¹ng hÃ u trá»¥ng tÃ¡i Äƒn má»›i ngon. NÆ°á»›c láº©u cay cay, áº¥m bá»¥ng cá»±c :D- MÃ¬ thÃªm 10k/ váº¯t, trá»©ng 5k/ trÃ¡i., ,",2,0,3,0,0,0,0,0,0,0,0,3
- Ngon tuyá»‡t vá»i luÃ´n !,0,0,0,0,0,0,0,0,0,0,0,3
"- á» quÃ¡n CÆ¡m chay Thuyá»n ViÃªn.- Chá»‰ má»™t tá»« thÃ´i: NGON ğŸ’˜ğŸ‘- Váº«n ráº¥t giÃ²n dÃ¹ lÃºc tá»› lÃ  8h30 tá»‘i, Äƒn ráº¥t ngon, mÃ¹i láº¡i thÆ¡m ná»¯a. NÃªm vá»«a Äƒn, Äƒn chung tÆ°Æ¡ng á»›t ráº¥t ngon (khÃ´ng cÃ³ tÆ°Æ¡ng xÃ­ muá»™i)- GiÃ¡ ok: 3k/cuá»‘n.,",3,0,0,0,0,0,0,0,0,0,0,3
"- á» Quáº£ng, tÃªn máº¥y tiá»‡m mÃ¬ Quáº£ng thÆ°á»ng Ä‘áº·t tÃªn theo ngÆ°á»i náº¥u ra nÃ³,"" váº­y nÃªn tháº¥y cÃ¡i """"mÃ¬ Quáº£ng BÃ  DzÅ©"""" Ä‘Ã£ cáº£m Ä‘Æ°á»£c cháº¥t cá»§a ÄÃ  Náºµng ngay tá»« cÃ¡i nhÃ¬n Ä‘áº§u tiÃªn rá»“i. - NgoÃ i mÃ¬ Quáº£ng"", quÃ¡n cÃ²n ráº¥t nhiá»u mÃ³n Quáº£ng ráº¥t ngon nhÆ° bÃºn cÃ¡ cam, bÃºn bÃ² ÄÃ  Náºµng (chá»‰ xÃ i thá»‹t bÃ², khÃ´ng cÃ³ giÃ²), bÃºn máº¯m nÃªm, chÃ¨ Ä‘áº­u ngá»±. QuÃ¡n do 1 anh ngÆ°á»i Quáº£ng ráº¥t Quáº£ng nÃªn mÃ³n cÅ©ng ráº¥t Quáº£ng. - Äáº·t cÃ¡i tÃªn dá»… lÃ m ngÆ°á»i ta nao lÃ²ng, tÃ´ bÃ© Ä‘áº¹p, tÃ´ bÃ© cÆ°ng, cÃ  phÃª tÃ¬nh mÃª, bÃºn máº¯m tÃ¬nh Ä‘áº¯m,... nhÃ¬n mÃ  phÃ¬ cÆ°á»i. - QuÃ¡n ráº¥t thoÃ¡ng mÃ¡t, náº¿u Ä‘ang vá»™i, Ä‘á»«ng tá»›i Ä‘Ã¢y Äƒn, mÃ  hÃ£y chá» lÃºc nÃ o thong tháº£. - QuÃ¡n gÃ¬ Ä‘Ã³ - Muá»‘n quÃªn cÅ©ng khÃ³., , ,",0,0,3,0,0,0,0,0,0,3,3,3
"- QuÃ¡n tÃªn lÃ  CÆ¡m chay Thuyá»n ViÃªn.- Ä‚n ráº¥t á»•n, mÃ¹i thÆ¡m, rau cáº£i giÃ²n, mÃ¬ cÄƒn khÃ´ng cÃ³ mÃ¹i hÃ´i dáº§u nhÆ° nhiá»u chá»— mÃ¬nh hay Äƒn. Bá»‹ cÃ¡i nÆ°á»›c tÆ°Æ¡ng hÆ¡i dá»Ÿ. Náº¿u báº¡n nÃ o chá»‹u Äƒn láº¡t thÃ¬ khÃ´ng cáº§n thÃªm nÆ°á»›c tÆ°Æ¡ng Ä‘Ã¢u ğŸ‘- GiÃ¡ cÅ©ng Ä‘Æ°á»£c : 18k/Ä‘Ä©a- á» Ä‘Ã¢y cÃ²n bÃ¡n ráº¥t nhiá»u mÃ³n chay khÃ¡c nhÆ° cÆ¡m, phá»Ÿ, há»§ tiáº¿u, bÃºn thÃ¡i, cÃ¡c mÃ³n Äƒn váº·t chay, phá»¥ liá»‡u náº¥u Ä‘á»“ chay,... Äƒn ráº¥t á»•n., ,",3,0,3,0,0,0,0,0,0,0,0,2
"- QuÃ¡n trong háº»m nhÆ°ng ngay Ä‘Æ°á»ng Nguyá»…n CÆ° Trinh nÃªn cá»±c kÃ¬ dá»… tÃ¬m- Äá»“ Äƒn Ä‘a dáº¡ng, ngon nháº¥t váº«n lÃ  nem nÆ°á»›ng - GiÃ¡ cáº£ há»£p lÃ½- NhÃ¢n viÃªn phá»¥c vá»¥ nhiá»‡t tÃ¬nh- Nháº¥t Ä‘á»‹nh sáº½ quay láº¡i nÃ¨, , , , ,",3,0,3,3,0,0,0,3,0,3,0,3
"- Wagyu beef 360k/g x 750g at minimum for order nhen. MÃ¬nh Äƒn medrare - Sauce Chi... Ä‘áº§u tiÃªn trong menu : 70k sauce á»›t chuÃ´ng rau ,... vá»›i oliu oil- Sauce Blue cheese bÃ©o ngon hÃ¬nh nhÆ° 100k , hÆ¡i nháº«n Ä‘áº¯ng- Cheese máº·n Ä‘Ãºt lÃ² ngon. TÃªn mÃ³n  quÃªn Ã²i. ğŸ˜œğŸ˜œ hong nhá»› giÃ¡ luÃ´n. Ngon thÆ¡m.- Salad A... ko nhá»› tÃªn. Size nhá» 100k. Rau cáº£i ngá»±a vÃ  hÃ nh khoanh, cheese, sá»‘t hÃ nh. Ná»“ng khÃ³ Äƒn.,",2,0,0,0,0,0,0,0,0,0,0,2
"-Äi vÃ´ Ä‘Æ°á»ng Cháº¥n HÆ°ng xiÃº lÃ  quÃ¡n bÃºn thá»‹t nÆ°á»›ng Háº£i ÄÄƒng ná»•i tiáº¿ng hÆ¡n háº³n.( cÃ³ nhiá»u quÃ¡n láº¯m nha)-QuÃ¡n thuá»™c dáº¡ng bÃ¬nh dÃ¢n, sÃ¢n nhÃ  rá»™ng,giá»¯ xe miá»…n phÃ­.-1 pháº§n Ä‘áº§y Ä‘á»§ lÃ  25k,( cháº£ giÃ², thá»‹t nÆ°á»›ng, nem); cÃ³ 1 xÃ´ nÆ°á»›c máº¯m inox trÃªn má»—i bÃ n lun,muá»‘n Äƒn bao nhiÃªu thÃ¬ mÃºc :)) ( cÃ³ thá»ƒ gá»i thÃªm dÄ©a bÃºn thÃªm dÃ nh cho áº¡ ra sá»©c Äƒn máº·n)-Ä‚n Ä‘Æ°á»£c, phá»¥c vá»¥ nhanh gá»n, cÃ³ Ä‘iá»u khÃ´ng nÃ³ng há»•i, do lÃ m sáºµn chuáº©n bá»‹ trÆ°á»›c.Hotgirl tÃ­nh tiá»n hehe, , , , , , ,",3,0,2,3,3,0,0,2,0,3,3,3
"-QuÃ¡n ngay khu trung tÃ¢m, khÃ¡ Ä‘Ã´ng, nháº¥t vÃ o giá» Äƒn trÆ°a, pháº£i book chá»— trÆ°á»›c.-Pháº§n nhÆ° hÃ¬nh lÃ  1/2 bÃ¡nh trÃ¡ng phÆ¡i sÆ°Æ¡ng thá»‹t giÃ²:102k(1 pháº§n thÃ¬ lÃ  173k)-Dá»n kÃ¨m bÃ¡nh trÃ¡ng phÆ¡i sÆ°Æ¡ng dáº»o,rau rá»«ng tÆ°Æ¡i xanh, dÄ©a Ä‘á»“ chua, nÆ°á»›c máº¯m, máº¯m nÃªm.ngoÃ i ra quÃ¡n cÃ²n cá» mÃ³n tá»§ lÃ  bÃ¡nh canh (55k), chÃ¡o sÃ² lÃ´ng( cÃ¡i nÃ y mÃ¬nh chÆ°a Äƒn nhÆ°ng tháº¥y ai vÃ´ cÅ©ng gá»i háº¿t).CÃ²n cÃ³ chÃ¨ khÃºc báº¡ch khÃ´ng thá»ƒ khÃ´ng nháº¯c á»Ÿ HT.-TrÃ  Ä‘Ã¡ 4k/ly-KhÄƒn láº¡nh 2kQuÃ¡n nhiá»u khÃ¡ch, nhÆ°ng nhÃ¢n ciÃªn vÃ´ cÃ¹ng niá»m ná»Ÿ, dá»… thÆ°Æ¡ng nha ^^KhÃ´ng thÃ­ch lÃ  tÃ­nh tiá»n giá»¯ xe 3k thoai :(, , , , ,",2,3,3,3,1,0,0,3,0,0,0,0
"-Trong hÃ¬nh lÃ  gÃ  bÃ³ xÃ´i truyá»n thá»‘ng :280k-XÃ´i thÆ¡m dáº»o, bÃªn ngoÃ i giÃ²n rá»¥m.-GÃ  dai dai Æ°á»›p tháº¥m gia vá»‹.-Order trÆ°á»›c 2 tiáº¿ng lÃ  giao tá»›i nhÃ  liá»n, nÃ³ng há»•i trong há»™p.-Bao bÃ¬, há»™p Ä‘á»±ng sáº¡ch sáº½, cháº¯c cháº¯n; Ä‘Æ°á»£c thÃªm bao tay nilong Ä‘á»ƒ xÃ© gÃ  ná»¯a. ğŸ˜-NhÃ¢n viÃªn chuyÃªn nghiá»‡p, dá»… thÆ°Æ¡ng.-Order trÃªn flyfood.vn Ä‘á»ƒ tham kháº£o thÃªm menu.-NhÃ  mÃ¬nh Ä‘áº·t 2 con gÃ , 1 sÃºp, 1 bÃ² háº§m tiÃªu,1 gá»i cá»§ há»§ dá»«a hÆ¡n 1 triá»‡u xÃ­u mÃ  12 ngÆ°á»i Äƒn cÃ²n dÆ° luÃ´n nha.-BÃ² háº§m tiÃªu xanh ngon láº¯m láº¯m, gá»i cá»§ há»§ dá»«a hÆ¡i ngá»t xÃ­u theo kháº©u vá»‹ miá»n Nam; sÃºp Ä‘áº­m Ä‘Ã  cÃ³ thá»‹t, náº¥m, trá»©ng cÃºt nhiá»u láº¯m.-Láº§n sau lÃ  thá»­ thÃªm nhiá»u mÃ³n khÃ¡c ná»¯a nÃ¨ hie hieğŸ˜™ğŸ˜›ğŸ¤—, , , ,",3,0,3,3,0,0,0,0,0,3,0,3
"-Vá»‹ trÃ­: QuÃ¡n náº±m ngay máº·t tiá»n Ä‘Æ°á»ng SÆ° Váº¡n Háº¡nh khÃ¡ dá»… tÃ¬m. -Äá»“ Äƒn: bÃ¡nh bÃ¨o, bÃ¡nh bá»™t lá»c, bÃ¡nh náº­m, bÃ¡nh Ã­t ram, nem huáº¿, cháº£ huáº¿ cÃ¡c loáº¡i. BÃ¡nh thÆ¡m, ngon, cÃ³ Ä‘iá»u nÆ°á»›c máº¯m hÆ¡i ngá»t.-GiÃ¡ cáº£: 30k/ mÃ¢m bÃ¡nh bÃ¨o chÃ©n. DÄ©a thÃ¬ 24k  nhÆ° hÃ¬nh chÆ°a cÃ³ nem, cháº£. -KhÃ´ng gian: quÃ¡n bÃ¬nh dÃ¢n, hÆ¡i cháº­t, trá»i nÃ y mÃ  ngá»“i hÆ¡i bá»‹ nÃ³ng, quÃ¡n Ä‘Ã´ng, hay bá»‹ thiáº¿u bÃ n. Ko cÃ³ ai coi xe., , , , ,",2,0,3,0,1,0,0,3,0,0,1,2
". BÃªn ngoÃ i giÃ²n giÃ²n Äƒn cá»±c thÃ­ch. BÃªn trong cÆ¡m nháº­t vá»›i dÆ°a leo, trá»©ng, thanh cua má»m ráº¥t tuyá»‡t",0,0,0,0,0,0,0,0,0,0,0,3
". Cáº¥p Ä‘á»™ 3 Ä‘Ã£ Ä‘á»§ sá»©c chá»‹u Ä‘á»±ng cá»§a mÃ¬nh. Ä‚n vá»«a nÃ³ng vá»«a cay cay mÃ  toÃ¡t háº¿t má»“ hÃ´i há»™tğŸ˜¢ğŸ˜¢ vá»«a kháº©u vá»‹ cá»§a má»—i ngÆ°á»i . KhÃ´ng gian cÃ³ pháº§n hÆ¡i cháº­t nhÆ°ng thoÃ¡ng vÃ  trang trÃ­ Ä‘áº¹p theo phong cÃ¡ch HÆ°á»ng Cuá»‘c,",0,0,0,0,0,0,0,0,0,0,2,3
". GÃ  rÃ¡n giÃ²n Æ°á»›p vá»‹ chua cay ráº¥t ngon, bÃ¡nh Äƒn kÃ¨m giÃ²n vÃ  thÆ¡m mÃ¹i bÆ¡,",0,0,3,0,0,0,0,0,0,0,0,3
". Láº§n Ä‘áº§u Äƒn á»Ÿ Ä‘Ã¢y tháº¥y ráº¥t ngon mÃ  cÅ©ng láº¡ chá»— má»›i má»Ÿ táº¡i Vincom Quang Trung nÃªn cÃ²n nhiá»u mÃ³n chÆ°a cÃ³ nhÆ°ng Äƒn á»Ÿ Ä‘Ã¢y sáº½ no cÄƒng luÃ´n â¤ï¸ Táº·ng kÃ¨m cáº£ cÆ¡m vÃ  canh náº¿u pháº§n Ä‘Ã³ chá»‰ cÃ³ Ä‘á»“ Äƒn., ,",3,0,3,0,0,0,0,0,0,0,0,3
". MÃ¬ Cay HÃ n Quá»‘c Ãªiii â¤ï¸. MÃ¬ dai nah â¤ï¸. Nhiá»u háº£i sáº£n nah â¤ï¸ (tÃ´m, má»±c,...). NÆ°á»›c dÃ¹ng bao cay nah â¤ï¸â¤ï¸. ÄÃ¡ng Ä‘á»“ng tiá»n lÃºmm nha â¤ï¸â¤ï¸. Phá»¥c vá»¥ nhiá»‡t tÃ¬nh ğŸŒ¸. GiÃ¡ cáº£ há»£p lÃ­ neh, , ,",3,0,3,3,0,0,0,0,0,0,0,3
". MÃ¬ háº¿n Báº¯c HÃ . NÆ°á»›c háº¿n ngon má»™t sá»‘ chá»— cÃ³ dÃ¹ng bá»™t ngá»t cho nÃ o nÆ°á»›c mÃ¬ lÃ m máº¥t Ä‘i vá»‹ ngá»t tá»± nhiÃªn cá»§a háº¿n, ko quÃ¡ cay nhÆ° bÃªn mÃ¬ háº¿n NgÃ´ VÄƒn Sá»Ÿ. QuÃ¡n mÃ¡t, rá»™ng rÃ£i ğŸ˜Š,",0,0,0,0,0,0,0,0,0,0,3,3
". Xem qua chÆ°Æ¡ng trÃ¬nh áº©m thá»±c cá»§a nghá»‡ sÄ© Viá»‡t HÆ°Æ¡ng mÃ¬nh biáº¿t Ä‘Æ°á»£c quÃ¡n nÃ y. MÃ¬nh Ä‘i buá»•i tá»‘i quÃ¡n Ä‘á»™ng cá»±c kÃ¬ chá»— ngá»“i san sÃ¡t nhau, vÃ¬ sá»‘ lÆ°á»£ng khÃ¡ch Ä‘á»™ng nÃªn viá»‡c ngá»“i chá» mÃ³n lÃ¢u hÆ¡n. ğŸ˜¤ . Vá» bÃ¡nh trÃ¡ng má»m dai, bÃ¡nh nÃ³ng nÃªn Äƒn liá»n sáº½ ngon hÆ¡n ğŸ˜‹, ,",0,0,0,1,0,0,0,0,0,3,0,3
"(+) Phá»Ÿ cuá»‘n khÃ¡ cháº¯c, nhÃ¢n nhiá»u, nÆ°á»›c cháº¥m ngon, 1 ngÆ°á»i Äƒn pháº§n lÃ  vá»«a, ko no máº¥y.(-) BÃ¡nh phá»Ÿ hÆ¡i cá»©ng, ko dai.Trong 2 loáº¡i mÃ¬nh thÃ­ch pc nem hÆ¡n, nem nÆ°á»›ng Ä‘áº­m vá»‹, dÃ¹ng vá»›i thÃªm nÆ°á»›c cháº¥m lÃ  tuyá»‡t!PC Nem-45k/pPC TÃ´m thá»‹t-38k/p, ,",2,0,3,0,0,0,0,0,0,0,0,2
"[ BÃ¡nh cuá»‘n TÃ¢y Há»“ - Cháº¥t lÆ°á»£ng tuyá»‡t vá»i ]Äá»‹a chá»‰: 127 Äinh TiÃªn HoÃ ng, Äa Kao, Q1. QuÃ¡n nÃ y náº±m trÃªn Ä‘Æ°á»ng Äinh TiÃªn HoÃ ng cÅ©ng Ä‘Ã£ ráº¥t lÃ¢u & ná»•i tiáº¿ng, nÃªn cháº¯c báº¡n nÃ o mÃª bÃ¡nh cuá»‘n cÅ©ng Ä‘Ã£ tá»«ng dÃ¹ng bÃ¡nh cuá»‘n táº¡i Ä‘Ã¢y*** Vá» khÃ´ng gian:KhÃ´ng gian quÃ¡n hÆ¡i nhá», nhiá»u khi vÃ o giá» cao Ä‘iá»ƒm, khÃ¡ch Ä‘áº¿n Ä‘Ã´ng quÃ¡ pháº£i ngá»“i chung bÃ n vá»›i ngÆ°á»i khÃ¡c hoáº·c pháº£i Ä‘á»£i cÃ³ chá»— má»›i Ä‘Æ°á»£c ngá»“i :(VÃ  khÃ´ng cÃ³ mÃ¡y láº¡nh, chá»‰ cÃ³ quáº¡t mÃ¡y nÃªn cÅ©ng hÆ¡i nÃ³ng 1 chÃºt*** Vá» thá»©c Äƒn:1 pháº§n bÃ¡nh cuá»‘n tuy khÃ´ng nhiá»u, nhÆ°ng vá»«a Ä‘á»§ no & cá»±c kÃ¬ cháº¥t lÆ°á»£ng, cháº¥t lÆ°á»£ng tá»« hÃ¬nh thá»©c Ä‘áº¿n mÃ¹i vá»‹- HÃ¬nh thá»©c trang trÃ­ báº¯t máº¯t- MÃ¹i vá»‹ Ä‘áº­m Ä‘Ã  vá»›i cháº£ quáº¿ & cháº£ lá»¥a*** Vá» cung cÃ¡ch phá»¥c vá»¥CÃ³ thá»ƒ nÃ³i á»Ÿ Ä‘Ã¢y nhÃ¢n viÃªn phá»¥c vá»¥ cÅ©ng khÃ¡ chiá»u khÃ¡ch, táº­n tÃ¬nh *** Vá» giÃ¡ cáº£:CÃ³ váº» hÆ¡i Ä‘áº¯t, nhÆ°ng mÃ  tiá»n nÃ o cá»§a náº¥y, bÃ¡nh cuá»‘n á»Ÿ Ä‘Ã¢y Ä‘Ã£ ná»•i tiáº¿ng tá»« lÃ¢u Ä‘á»i, nÃªn chuyá»‡n giÃ¡ Ä‘áº¯t nhÆ° váº­y cÅ©ng cháº¥p nháº­n Ä‘Æ°á»£c :)) NÃ³i chung lÃ  nÃªn dÃ¹ng thá»­ bÃ¡nh cuá»‘n táº¡i Ä‘Ã¢y, cÃ¡c báº¡n sáº½ ghiá»n Ä‘áº¥y !, , , , , ,",2,0,3,3,0,0,0,2,0,3,1,3
"[BÃNH ÄA TRá»˜N - B6 TT NGHÄ¨A TÃ‚N]Äiá»ƒm khÃ¡c vá»›i má»i chá»— mÃ¬nh Äƒn lÃ  bÃ¢t bÆ°ng ra nÃ³ng há»•i, kiá»ƒu Äƒn luÃ´n vÃ  ngay má»›i ngon. Váº¯t táº§m 3 quáº£ quáº¥t má»›i Ä‘Ã¡p á»©ng Ä‘á»™ chua cá»§a mÃ¬nh. BÃ¡nh Ä‘a má»m mÃ  váº«n dai, giÃ² tai cáº¯t miáº¿ng to Äƒn giÃ²n giÃ²n, miáº¿ng cháº£ cÃ¡ hÆ¡i cÃ²i cá»c. á» Ä‘Ã¢y hÆ¡i giá»‘ng PhÃ¹ng HÆ°ng á»Ÿ chá»— lÃ  sáº½ bá»‹ nháº¡t nÃªn báº¡n gá»i thÃªm xÃ¬ dáº§u nhÃ©30k/bÃ¡t Ä‘áº§y Ä‘áº·n, nÆ°á»›c dÃ¹ng khÃ¡ thÆ¡m dáº­y mÃ¹i cua. 3k trÃ  Ä‘Ã¡, 10 nghÃ¬n 3 cá»‘c =)), , ,",3,0,2,0,0,0,0,0,2,0,0,3
"@meete.co Ä‘ang khuyáº¿n mÃ£i combo mÃ¬ udon háº£i sáº£n vs bÃ¡nh mochi chá»‰ 49k. MÃ¬ udon á»Ÿ Ä‘Ã¢y hÆ¡i Ã­t Ä‘Æ°á»£c khoáº£ng nÆ°á»›c dÃ¹ng náº¥u sá»‡t sá»‡t, Ä‘áº­m mÃ¹i háº£i sáº£n, cÃ³ vá»‹ cay khÃ¡ Ã­t nÃªn phÃ¹ há»£p vs nhá»¯ng ng k thiÌch Äƒn cay nhiá»u nhÆ° mÃ¬nh. TÃ´ mÃ¬ khÃ¡ cháº¥t lÆ°á»£ng cÃ³ háº³n 1 con gháº¹ to luÃ´n o.O cÆ¡ mÃ  con gháº¹ mÃ¬nh Äƒn hÆ¡i Ã­t thá»‹t. TÃ´ mÃ¬ vá»«a dc náº¥u, Äƒn nÃ³ng há»•i. QuÃ¡n Ä‘i tá»‘i hÆ¡i bá»‹ Ä‘Ã´ng Ä‘áº¥y. Ä‘i trÆ°a nhÆ° mÃ¬nh váº¯ng cho khá»e. BÃ¡nh mochi Äƒn oke. QuÃ¡n cÃ³ bÃ¡n sushi giÃ¡ cÅ©ng khÃ¡ oke cho sinh viÃªn ná»¯a, ,",3,0,2,0,0,0,0,0,0,0,0,3
"@meetesaigon Ä‘ang cÃ³ khuyáº¿n mÃ£i mua 1 gÃ  trÃ¡i tim 60k Ä‘Æ°á»£c táº·ng 1 mÃ³n Ä‘á»“ng giÃ¡ hoáº·c tháº¥p hÆ¡n ğŸ˜šğŸ˜šGÃ  á»Ÿ Ä‘Ã¢y cÅ©ng lÃ m theo style gÃ  ÄÃ i Loan giá»‘ng cá»§a oppa chicken nhÆ°ng so sÃ¡nh thÃ¬ vá»‹ bÃªn Ä‘Ã¢y Ä‘áº­m Ä‘Ã  Äƒn thÃ­ch hÆ¡n. GÃ  nÃ³ng há»•i nÃªn lá»›p da cáº¯n vÃ o giÃ²n rá»¥m. GÃ  trÃ¡i tim chá»§ yáº¿u lÃ  tá»« pháº§n thá»‹t á»©c gÃ  thÆ°á»ng Äƒn sáº½ khÃ´, bá»Ÿ nhÆ°ng á»Ÿ Ä‘Ã¢y thá»‹t váº«n ráº¥t má»m vÃ  dai. GÃ  viÃªn 45k gia vá»‹ Æ°á»›p tháº¥m Ä‘á»u nhÆ°ng vÃ¬ lÃ  máº¥y cá»¥c thá»‹t gÃ  nhá» nhá» thÃ´i nÃªn mÃ¬nh k thÃ­ch láº¯m :( . BÃ¡nh khoai tÃ¢y 28k vÃ¬ Ä‘Æ°á»£c Æ°á»›p háº³n gia vá»‹ vÃ o trong nÃªn ráº¥t ngon tiáº¿c lÃ  khoai tÃ¢y hÆ¡i bá»‹ bá»Ÿ :(( . TrÃ  bÃ­ Ä‘ao uá»‘ng ngá»t thanh ráº¥t thÃ­ch há»£p Ä‘á»ƒ giáº£i nhiá»‡t sau khi Äƒn Ä‘á»‘ng Ä‘á»“ chiÃªn nÃ y ğŸ™„Äiá»ƒm trá»« cá»§a quÃ¡n lÃ  k cÃ³ tÃ­ rau cá»§ Äƒn kÃ¨m nÃ o nÃªn Äƒn máº¥y Ä‘á»‘ng Ä‘á»“ chiÃªn nÃ y thÃ¬ mÃ¬nh tháº¥y hÆ¡i ngÃ¡n :((( . GiÃ¡ cáº£ ráº¥t sinh viÃªn 15 - 60k cho 1 quÃ¡n á»Ÿ Q.1 nhÆ° tháº¿ nÃ y., , , , ,",3,0,2,0,0,3,3,3,0,0,0,3
"""* Cáº­p Nháº­t GiÃ¡ : 1/12/2015 ğŸ¸ - Pháº§n 1 con + chÃ¡o => 35.000â‚« - Pháº§n 2 con + chÃ¡o => 70.000â‚« - Pháº§n 3 con + chÃ¡o => 90.000â‚«* CÃ³ """" NÆ°á»›c SÃ¢m ( 5k ) "", NÆ°á»›c ngá»t ( tuá»³ loáº¡i ) , TrÃ  ÄÃ¡ ( 2k )ğŸ€ QuÃ¡n lá» Ä‘Æ°á»ng, sáº¡ch sáº½, náº¥u áº¿ch táº¡i chá»— cho khÃ¡ch xem. NhÆ°ng phá»¥ vá»¥ hÆ¡i lÃ¢u, gá»i tÃ­nh tiá»n cÅ©ng lÃ¢u ná»¯a ğŸ˜ ğŸ€ Ä‚n Ä‘Æ°á»£c . Ngon !, , , , , ,",2,3,3,1,0,0,0,0,2,0,2,3
"* QuÃ¡n náº±m ngay máº·t tiá»n Ä‘Æ°á»ng KÃ¬ Äá»“ng quáº­n 3, cá»±c kÃ¬ dá»… kiáº¿m* QuÃ¡n cÃ³ khÃ´ng gian rá»™ng rÃ£i vá»›i 2 láº§u vÃ  1 trá»‡t* MÃ³n Ä‘áº·c trÆ°ng á»Ÿ Ä‘Ã¢y lÃ  bÃºn bÃ², siÃªu ngon vÃ  Ä‘Ãºng chuáº©n bÃºn bÃ² Huáº¿, , ,",0,0,3,0,0,0,0,3,0,0,3,3
"#3sacthai khÃ¡c nhau, cÆ¡ mÃ  nhÃ¬n kiá»ƒu nÃ o cÅ©ng ngon khÃ´ng tÆ°á»Ÿng.,",0,0,3,0,0,0,0,0,0,0,0,3
"#chungban phá»Ÿ thÃ¬n quÃ¡ ná»•i tiáº¿ng rá»“i. Tá»« sÃ¡ng sá»›m Ä‘áº¿n tá»‘i muá»™n lÃºc nÃ o cÅ©ng nÆ°á»m nÆ°á»£p khÃ¡ch. Chá»‰ cÃ³ tÃ¡i lÄƒn. Vá»‹ thá»‹t bÃ² xÃ o vÃ  nÆ°á»›c dÃ¹ng Ä‘áº·c biá»‡t, khÃ´ng láº«n Ä‘i Ä‘Ã¢u Ä‘Æ°á»£c. SiÃªu nhiá»u thá»‹t bÃ². Vá»«a no vá»«a ngon., ,",0,0,3,0,0,0,0,0,0,3,0,3
"#dimsum cho bá»¯a sÃ¡ng. TÃ¢n Sanh Hoáº¡t á»Ÿ NTMK. QuÃ¡n bÃ¬nh dÃ¢n nhÆ°ng giÃ¡ nhÃ  hÃ ng :)) Pháº§n nÃ y 2ng mÃ  giÃ¡ 250-300k. LÃºc tÃ­nh tiá»n cÃ³ tÃ­ choÃ¡ng :)) KhÃ´ng dá»Ÿ nhÆ°ng cÅ©ng k xuáº¥t sáº¯c, k xá»©ng vá»›i sá»‘ tiá»n bá» ra., , , ,",1,0,0,0,0,0,1,2,0,0,2,2
"#firstmealoftheyear#vinciboTÃ´ nÃ y lÃ  tÃ´ lá»›n 25k Äƒn váº­y vá»›i rau thÃ´i khÃ´ng cÃ³ bÃ¡nh trÃ¡ng nhÆ° quÃ¡n nÃ o Ä‘Ã³ mÃ¬nh tá»«ng Äƒn. Tháº­t ra tháº¥y váº­y cÅ©ng vá»«a rá»“i :3 quÃ¡n do cÃ´ nÃ y á»Ÿ Quáº£ng NgÃ£i vÃ´ bÃ¡n, má»i ngÆ°á»i hiá»n láº¯m :)) cÃ³ Äƒn thÃªm Don 15k ná»¯a mÃ  quÃªn chá»¥p :)) Ã  bÃ n cÃ³ cáº£ Greencross Ä‘á»ƒ rá»­a tay ná»¯a, , ,",2,0,2,3,0,0,0,0,0,0,3,0
"#oursaigon con má»±c nÃ y nhÃ¬n nhá» váº­y thÃ´i chá»© to láº¯m, cáº¯n phÃ¡t Ä‘Ã£ láº¯m, cÆ¡ mÃ  2,3 con thÃ¬ cháº¯c lÃ  cÃ²n Ä‘Ã£ hÆ¡n. :,",0,0,3,0,0,0,0,0,0,0,0,3
"#oursaigon Ä‘Æ°á»£c Æ°á»›p khÃ¡ Ä‘áº­m Ä‘Ã , cÆ¡ mÃ  ko thÃ­ch Äƒn cÃ¡i gÃ¬ nhÃ¬u xÆ°Æ¡ng nÃªn mÃ¬nh chá»‰ Äƒn 1 cÃ¡i cho zui thÃ´i. :d",0,0,0,0,0,0,0,0,0,0,0,3
"#oursaigon láº§n nÃ o Äƒn á»Ÿ Ä‘Ã¢y xong vá» cÅ©ng no váº­t vÃ£, sÆ°á»n Æ°á»›p ráº¥t Ä‘á»u, vá»«a miá»‡ng vÃ  quan trá»ng hÆ¡n lÃ  ráº¥t TO. :,",0,0,3,0,0,0,0,0,0,0,0,3
"#oursaigon MÃ³n chá»§ Ä‘áº¡o cá»§a quÃ¡n váº«n lÃ  mÃ³n phá»Ÿ, mÃ  cÃ³ sá»± káº¿t há»£p cÃ´ng thá»©c vá»›i mÃ¬ udon truyá»n thá»‘ng cá»§a Nháº­t Báº£n, nÃªn cho ra Ä‘á»i nhÃ¬u loáº¡i khÃ¡c nhau",0,0,3,0,0,0,0,0,0,0,0,0
"#oursaigon NhiÃªu Ä‘Ã¢y mÃ  chá»‰ cÃ³ 88k thÃ´i áº¥y, Ä‘i vá»›i báº¡n bÃ¨ hay ngÆ°á»i yÃªu dá»… share tiá»n, há»‹ há»‹",3,0,0,0,0,0,0,0,0,0,0,0
"#oursaigon sá»± káº¿t há»£p Ä‘áº·c biá»‡t tá»« BÃ¡nh Oreo BÃ©o Ngáº­y cÃ¹ng Äáº­u Phá»™ng giÃ²n giÃ²n bÃ¹i bÃ¹i. Miá»…n chÃª luÃ´n nhÃ©,",0,0,3,0,0,0,0,0,0,0,0,3
"#oursaigon sÆ°á»n to quÃ¡ xÃ¡! Äƒn cÃ²n cÃ³ trÃ  táº¯c miá»…n phÃ­, trong phÃ²ng mÃ¡y láº¡nh, ngay trung tÃ¢m quáº­n 1 mÃ  giÃ¡ chá»‰ 25 - 50k thÃ´i nha., , , ,",3,0,3,0,0,0,0,3,3,0,3,0
"#oursaigon thá»‹t xiÃªn nÆ°á»›ng Ä‘á»“ng giÃ¡ 5k cÆ¡ mÃ  Äƒn ko quÃ¡ Ã­t. ğŸ˜˜ğŸ˜˜ğŸ˜˜ quÃ¡n ngá»“i siÃªu mÃ¡t máº» luÃ´n., ,",3,0,2,0,0,0,0,0,0,0,3,0
"#oursaigon thÆ¡m lá»«ng, Ä‘Ã¡nh thá»©c cÃ¡c giÃ¡c quan. :)",0,0,0,0,0,0,0,0,0,0,0,3
